{
  "mean": [
    0.49862688052660215,
    2.5696523192478495,
    0.046509412744196246,
    -0.029763094699607737,
    0.6353877364019398
  ],
  "scale": [
    0.8164896938883947,
    0.43029679929613207,
    0.15456348183502777,
    0.2209636787784096,
    1.0971786267642607
  ]
}