{
  "mean": 0.49862688052660215,
  "std": 0.8164896938883947
}