{
    "accuracy": 0.9343065693430657,
    "auc": 0.9899484536082475,
    "sensitivity": 0.95,
    "specificity": 0.9278350515463918
}