acquisition,count,mean,median,std
post,817,47.06143206854345,32.99,39.199394390962645
pre,818,63.92418092909536,94.625,40.113001581032705
